{
  "accuracy": 0.7995644526342239,
  "precision": 0.7692010806638364,
  "recall": 0.6664808828447218,
  "f1": 0.7141662685140946
}