{
  "accuracy": 0.697797135438479,
  "precision": 0.5988509631632308,
  "recall": 0.5925760784750864,
  "f1": 0.5956969968623935
}