{
  "accuracy": 0.8409833319373482,
  "precision": 0.8248367654445002,
  "recall": 0.7322483558131758,
  "f1": 0.7757897844700324
}