is_canceled,count,mean,median,std,min,max
0,75166,99.98769297288668,92.5,49.20626332561222,-6.38,510.0
1,44224,104.96433316751086,96.2,52.57114153877926,0.0,5400.0
