is_canceled,count,mean,median,std,min,max
0,75166,79.98468722560732,45.0,91.10988782426101,0,737
1,44224,144.84881512301013,113.0,118.6248286362235,0,629
